Species,Sequence_name,Location_code,Sample_name,Rh1_allele_1,Rh1_allele_2
Coregonus clupeaformis,Coregonus_clupeaformis_HU_LF07,HU_LF2,LF07,C0,C0
Coregonus clupeaformis,Coregonus_clupeaformis_HU_LF09,HU_LF1,LF09,C0,C0
Coregonus clupeaformis,Coregonus_clupeaformis_HU_LF10,HU_LF1,LF10,C0,C0
Coregonus clupeaformis,Coregonus_clupeaformis_HU_LF14,HU_LF2,LF14,C0,C0
Coregonus clupeaformis,Coregonus_clupeaformis_HU_LF15,HU_LF2,LF15,C0,C0
Coregonus clupeaformis,Coregonus_clupeaformis_HU_LF16,HU_LF1,LF16,C0,C0
Coregonus clupeaformis,Coregonus_clupeaformis_HU_LF18,HU_LF1,LF18,C0,C0
Coregonus clupeaformis,Coregonus_clupeaformis_HU_LF19,HU_LF1,LF19,C0,C0
Coregonus clupeaformis,Coregonus_clupeaformis_HU_LF20,HU_LF1,LF20,C0,C0
Coregonus clupeaformis,Coregonus_clupeaformis_HU_LF21,HU_LF2,LF21,C0,C0
Coregonus clupeaformis,Coregonus_clupeaformis_HU_LF24,HU_LF2,LF24,C0,C0
Coregonus clupeaformis,Coregonus_clupeaformis_HU_LF25,HU_LF2,LF25,C0,C0
Coregonus clupeaformis,Coregonus_clupeaformis_HU_LF26,HU_LF2,LF26,C0,C0
Coregonus clupeaformis,Coregonus_clupeaformis_HU_LF27,HU_LF2,LF27,C0,C0
Coregonus clupeaformis,Coregonus_clupeaformis_HU_LF30,HU_LF2,LF30,C0,C0
Coregonus clupeaformis,Coregonus_clupeaformis_HU_LF31,HU_LF2,LF31,C0,C0
Coregonus clupeaformis,Coregonus_clupeaformis_HU_LF32,HU_LF2,LF32,C0,C0
Coregonus clupeaformis,Coregonus_clupeaformis_HU_LF33,HU_LF1,LF33,C0,C0
Coregonus clupeaformis,Coregonus_clupeaformis_HU_LF34,HU_LF3,LF34,C0,C0
Coregonus clupeaformis,Coregonus_clupeaformis_HU_LF36,HU_LF3,LF36,C0,C0
Coregonus clupeaformis,Coregonus_clupeaformis_HU_LF37,HU_LF3,LF37,C0,C0
Coregonus clupeaformis,Coregonus_clupeaformis_HU_LF44,HU_LF1,LF44,C0,C0
Coregonus clupeaformis,Coregonus_clupeaformis_HU_LF45,HU_LF1,LF45,C0,C0
Coregonus clupeaformis,Coregonus_clupeaformis_HU_LF46,HU_LF1,LF46,C0,C0
Coregonus clupeaformis,Coregonus_clupeaformis_HU_LF47,HU_LF1,LF47,C0,C0
Coregonus clupeaformis,Coregonus_clupeaformis_HU_LF48,HU_LF1,LF48,C0,C0
Coregonus clupeaformis,Coregonus_clupeaformis_HU_LF49,HU_LF1,LF49,C0,C0
Coregonus clupeaformis,Coregonus_clupeaformis_HU_LF50,HU_LF1,LF50,C0,C0
Coregonus clupeaformis,Coregonus_clupeaformis_HU_LF51,HU_LF1,LF51,C0,C0
Coregonus clupeaformis,Coregonus_clupeaformis_HU_LF52,HU_LF1,LF52,C0,C0
Coregonus clupeaformis,Coregonus_clupeaformis_HU_LF53,HU_LF1,LF53,C0,C0
Coregonus clupeaformis,Coregonus_clupeaformis_HU_LF54,HU_LF1,LF54,C0,C0
Coregonus clupeaformis,Coregonus_clupeaformis_HU_LF55,HU_LF1,LF55,C0,C0
Coregonus clupeaformis,Coregonus_clupeaformis_HU_LF56,HU_LF1,LF56,C0,C0
Coregonus clupeaformis,Coregonus_clupeaformis_HU_LF57,HU_LF1,LF57,C0,C0
Coregonus clupeaformis,Coregonus_clupeaformis_HU_LF58,HU_LF1,LF58,C0,C0
Coregonus clupeaformis,Coregonus_clupeaformis_HU_LF62,HU_LF1,LF62,C0,C0
Coregonus clupeaformis,Coregonus_clupeaformis_HU_LF63,HU_LF1,LF63,C0,C0
Coregonus clupeaformis,Coregonus_clupeaformis_HU_LF64,HU_LF1,LF64,C0,C0
Coregonus clupeaformis,Coregonus_clupeaformis_HU_LF65,HU_LF1,LF65,C0,C0
Coregonus artedi,Coregonus_artedi_ER_T03648,ER,T03648,C1,C1
Coregonus artedi,Coregonus_artedi_ER_T17515,ER,T17515,C1,C2
Coregonus artedi,Coregonus_artedi_ON_T03626,ON,T03626,C1,C1
Coregonus artedi,Coregonus_artedi_SU_T14426,SU,T14426,C1,C2
Coregonus artedi,Coregonus_artedi_SU_T14428,SU,T14428,C1,C2
Coregonus hoyi,Coregonus_hoyi_SU_T14419,SU,T14419,C1,C2
Coregonus sp.,Coregonus_sp_HU_LF11,HU_LF2,LF11,C1,C1
Coregonus sp.,Coregonus_sp_HU_LF12,HU_LF2,LF12,C1,C2
Coregonus sp.,Coregonus_sp_HU_LF13,HU_LF2,LF13,C1,C1
Coregonus sp.,Coregonus_sp_HU_LF17,HU_LF1,LF17,C1,C1
Coregonus sp.,Coregonus_sp_HU_LF22,HU_LF1,LF22,C1,C2
Coregonus sp.,Coregonus_sp_HU_LF23,HU_LF2,LF23,C1,C1
Coregonus sp.,Coregonus_sp_HU_LF28,HU_LF2,LF28,C1,C1
Coregonus sp.,Coregonus_sp_HU_LF29,HU_LF2,LF29,C1,C2
Coregonus sp.,Coregonus_sp_HU_LF35,HU_LF3,LF35,C1,C1
Coregonus sp.,Coregonus_sp_HU_LF38,HU_LF3,LF38,C1,C1
Coregonus sp.,Coregonus_sp_HU_LF39,HU_LF3,LF39,C1,C2
Coregonus sp.,Coregonus_sp_HU_LF41,HU_LF3,LF41,C1,C1
Coregonus sp.,Coregonus_sp_HU_LF59,HU_LF1,LF59,C1,C1
Coregonus sp.,Coregonus_sp_HU_LF61,HU_LF1,LF61,C1,C1
Coregonus sp.,Coregonus_sp_HU_LH001,HU_SW1,LH001,C1,C2
Coregonus sp.,Coregonus_sp_HU_LH003,HU_SW1,LH003,C1,C1
Coregonus sp.,Coregonus_sp_HU_LH017,HU_SW1,LH017,C1,C2
Coregonus sp.,Coregonus_sp_HU_LH023,HU_SW1,LH023,C1,C1
Coregonus sp.,Coregonus_sp_HU_LH051,HU_SW2,LH051,C1,C1
Coregonus sp.,Coregonus_sp_HU_LH052,HU_SW2,LH052,C1,C1
Coregonus sp.,Coregonus_sp_HU_LH053,HU_SW2,LH053,C1,C1
Coregonus sp.,Coregonus_sp_HU_LH055,HU_SW2,LH055,C1,C1
Coregonus sp.,Coregonus_sp_HU_LH057,HU_SW2,LH057,C1,C1
Coregonus sp.,Coregonus_sp_HU_LH060,HU_SW2,LH060,C1,C1
Coregonus sp.,Coregonus_sp_HU_LH061,HU_SW2,LH061,C1,C1
Coregonus sp.,Coregonus_sp_HU_LH062,HU_SW2,LH062,C1,C1
Coregonus sp.,Coregonus_sp_HU_LH064,HU_SW2,LH064,C1,C2
Coregonus sp.,Coregonus_sp_HU_LH066,HU_SW2,LH066,C1,C1
Coregonus sp.,Coregonus_sp_HU_LH067,HU_SW2,LH067,C1,C2
Coregonus sp.,Coregonus_sp_HU_LH070,HU_SW2,LH070,C1,C1
Coregonus sp.,Coregonus_sp_HU_LH072,HU_SW2,LH072,C1,C2
Coregonus sp.,Coregonus_sp_HU_LH074,HU_DW1,LH074,C1,C1
Coregonus sp.,Coregonus_sp_HU_LH076,HU_DW1,LH076,C1,C2
Coregonus sp.,Coregonus_sp_HU_LH077,HU_DW1,LH077,C1,C2
Coregonus sp.,Coregonus_sp_HU_LH078,HU_DW1,LH078,C1,C1
Coregonus sp.,Coregonus_sp_HU_LH079,HU_DW1,LH079,C1,C1
Coregonus sp.,Coregonus_sp_HU_LH081,HU_DW1,LH081,C1,C2
Coregonus sp.,Coregonus_sp_HU_LH082,HU_DW1,LH082,C1,C2
Coregonus sp.,Coregonus_sp_HU_LH083,HU_DW1,LH083,C1,C2
Coregonus sp.,Coregonus_sp_HU_LH084,HU_DW1,LH084,C1,C1
Coregonus sp.,Coregonus_sp_HU_LH085,HU_DW1,LH085,C1,C1
Coregonus sp.,Coregonus_sp_HU_LH086,HU_DW1,LH086,C1,C2
Coregonus sp.,Coregonus_sp_HU_LH087,HU_DW1,LH087,C1,C3
Coregonus sp.,Coregonus_sp_HU_LH088,HU_DW1,LH088,C1,C2
Coregonus sp.,Coregonus_sp_HU_LH090,HU_DW1,LH090,C1,C2
Coregonus sp.,Coregonus_sp_HU_LH091,HU_DW1,LH091,C1,C1
Coregonus sp.,Coregonus_sp_HU_LH092,HU_DW1,LH092,C1,C1
Coregonus sp.,Coregonus_sp_HU_LH093,HU_DW1,LH093,C1,C1
Coregonus sp.,Coregonus_sp_HU_LH094,HU_DW1,LH094,C1,C1
Coregonus sp.,Coregonus_sp_HU_LH095,HU_DW1,LH095,C1,C2
Coregonus sp.,Coregonus_sp_HU_LH096,HU_DW1,LH096,C1,C1
Coregonus sp.,Coregonus_sp_HU_LH098,HU_DW1,LH098,C1,C1
Coregonus sp.,Coregonus_sp_HU_LH099,HU_DW1,LH099,C1,C2
Coregonus sp.,Coregonus_sp_HU_LH101,HU_DW1,LH101,C1,C2
Coregonus sp.,Coregonus_sp_HU_LH104,HU_DW1,LH104,C1,C1
Coregonus sp.,Coregonus_sp_HU_LH107,HU_DW1,LH107,C1,C2
Coregonus sp.,Coregonus_sp_HU_LH108,HU_DW1,LH108,C1,C1
Coregonus sp.,Coregonus_sp_HU_LH110,HU_DW1,LH110,C1,C1
Coregonus sp.,Coregonus_sp_HU_LH111,HU_SW1,LH111,C1,C1
Coregonus sp.,Coregonus_sp_HU_LH113,HU_SW1,LH113,C1,C1
Coregonus sp.,Coregonus_sp_HU_LH115,HU_SW1,LH115,C1,C1
Coregonus sp.,Coregonus_sp_HU_LH118,HU_SW1,LH118,C1,C1
Coregonus sp.,Coregonus_sp_HU_LH119,HU_SW1,LH119,C1,C1
Coregonus sp.,Coregonus_sp_HU_LH120,HU_SW1,LH120,C1,C1
Coregonus sp.,Coregonus_sp_HU_LH123,HU_SW1,LH123,C1,C2
Coregonus sp.,Coregonus_sp_HU_LH124,HU_SW1,LH124,C1,C1
Coregonus sp.,Coregonus_sp_HU_LH125,HU_SW1,LH125,C1,C1
Coregonus sp.,Coregonus_sp_HU_LH126,HU_SW1,LH126,C1,C1
Coregonus sp.,Coregonus_sp_HU_LH129,HU_SW1,LH129,C1,C1
Coregonus sp.,Coregonus_sp_HU_LH131,HU_SW1,LH131,C1,C1
Coregonus sp.,Coregonus_sp_HU_LH132,HU_SW1,LH132,C1,C1
Coregonus sp.,Coregonus_sp_HU_LH133,HU_SW1,LH133,C1,C1
Coregonus sp.,Coregonus_sp_HU_LH144,HU_DW2,LH144,C1,C3
Coregonus sp.,Coregonus_sp_HU_LH147,HU_DW2,LH147,C1,C1
Coregonus sp.,Coregonus_sp_HU_LH151,HU_DW2,LH151,C1,C2
Coregonus sp.,Coregonus_sp_HU_LH152,HU_DW2,LH152,C1,C1
Coregonus sp.,Coregonus_sp_HU_LH153,HU_DW2,LH153,C1,C2
Coregonus sp.,Coregonus_sp_HU_LH154,HU_DW2,LH154,C1,C2
Coregonus sp.,Coregonus_sp_HU_LH155,HU_DW2,LH155,C1,C1
Coregonus sp.,Coregonus_sp_HU_LH156,HU_DW2,LH156,C1,C1
Coregonus sp.,Coregonus_sp_HU_LH163,HU_DW2,LH163,C1,C1
Coregonus sp.,Coregonus_sp_HU_LH166,HU_DW2,LH166,C1,C1
Coregonus sp.,Coregonus_sp_HU_LH170,HU_DW2,LH170,C1,C1
Coregonus sp.,Coregonus_sp_HU_LH173,HU_DW2,LH173,C1,C1
Coregonus sp.,Coregonus_sp_HU_LH174,HU_DW2,LH174,C1,C1
Coregonus sp.,Coregonus_sp_HU_LH175,HU_DW2,LH175,C1,C1
Coregonus sp.,Coregonus_sp_HU_LH177,HU_DW2,LH177,C1,C2
Coregonus sp.,Coregonus_sp_HU_LH178,HU_DW2,LH178,C1,C1
Coregonus sp.,Coregonus_sp_HU_LH183,HU_DW3,LH183,C1,C2
Coregonus sp.,Coregonus_sp_HU_LH185,HU_DW3,LH185,C1,C2
Coregonus sp.,Coregonus_sp_HU_LH186,HU_DW3,LH186,C1,C1
Coregonus sp.,Coregonus_sp_HU_LH188,HU_DW3,LH188,C1,C3
Coregonus sp.,Coregonus_sp_HU_LH189,HU_DW3,LH189,C1,C2
Coregonus sp.,Coregonus_sp_HU_LH190,HU_DW3,LH190,C1,C1
Coregonus sp.,Coregonus_sp_HU_LH191,HU_DW3,LH191,C1,C2
Coregonus sp.,Coregonus_sp_HU_LH193,HU_DW3,LH193,C1,C1
Coregonus sp.,Coregonus_sp_HU_LH194,HU_DW3,LH194,C1,C2
Coregonus sp.,Coregonus_sp_HU_LH196,HU_DW3,LH196,C1,C2
Coregonus sp.,Coregonus_sp_HU_LH197,HU_DW3,LH197,C1,C2
Coregonus sp.,Coregonus_sp_HU_LH198,HU_DW3,LH198,C1,C2
Coregonus sp.,Coregonus_sp_HU_LH199,HU_DW3,LH199,C1,C2
Coregonus artedi,Coregonus_sp_HU_T03339,HU,T03339,C1,C1
Coregonus artedi,Coregonus_artedi_GB_T23548,GB,T23548,C2,C2
Coregonus artedi,Coregonus_artedi_GB_T23549,GB,T23549,C2,C2
Coregonus artedi,Coregonus_artedi_NI_T21154,NI,T21154,C2,C2
Coregonus artedi,Coregonus_artedi_RE_T04512,RE,T04512,C2,C2
Coregonus artedi,Coregonus_artedi_SK_T16469,SK,T16469,C2,C2
Coregonus hoyi,Coregonus_hoyi_NI_T23559,NI,T23559,C2,C2
Coregonus hoyi,Coregonus_hoyi_SU_T14418,SU,T14418,C2,C3
Coregonus hoyi,Coregonus_hoyi_SU_T14420,SU,T14420,C2,C2
Coregonus nigripinnis,Coregonus_nigripinnis_NI_T14414,NI,T14414,C2,C2
Coregonus nigripinnis,Coregonus_nigripinnis_NI_T14416,NI,T14416,C2,C2
Coregonus sp.,Coregonus_sp_HU_LF42,HU_LF3,LF42,C2,C2
Coregonus sp.,Coregonus_sp_HU_LH080,HU_DW1,LH080,C2,C3
Coregonus sp.,Coregonus_sp_HU_LH097,HU_DW1,LH097,C2,C2
Coregonus sp.,Coregonus_sp_HU_LH102,HU_DW1,LH102,C2,C2
Coregonus sp.,Coregonus_sp_HU_LH103,HU_DW1,LH103,C2,C2
Coregonus sp.,Coregonus_sp_HU_LH109,HU_DW1,LH109,C2,C2
Coregonus sp.,Coregonus_sp_HU_LH146,HU_DW2,LH146,C2,C3
Coregonus sp.,Coregonus_sp_HU_LH150,HU_DW2,LH150,C2,C2
Coregonus sp.,Coregonus_sp_HU_LH157,HU_DW2,LH157,C2,C2
Coregonus sp.,Coregonus_sp_HU_LH160,HU_DW2,LH160,C2,C3
Coregonus sp.,Coregonus_sp_HU_LH161,HU_DW2,LH161,C2,C2
Coregonus sp.,Coregonus_sp_HU_LH162,HU_DW2,LH162,C2,C2
Coregonus sp.,Coregonus_sp_HU_LH164,HU_DW2,LH164,C2,C2
Coregonus sp.,Coregonus_sp_HU_LH172,HU_DW2,LH172,C2,C2
Coregonus sp.,Coregonus_sp_HU_LH187,HU_DW3,LH187,C2,C2
Coregonus sp.,Coregonus_sp_HU_LH192,HU_DW3,LH192,C2,C2
Coregonus sp.,Coregonus_sp_HU_LH202,HU_DW3,LH202,C2,C3
Coregonus zenithicus,Coregonus_zenithicus_SU_T14439,SU,T14439,C2,C2
Coregonus kiyi,Coregonus_kiyi_SU_T14430,SU,T14430,C3,C3
Coregonus kiyi,Coregonus_kiyi_SU_T14433,SU,T14433,C3,C3
Myoxocephalus quadricornis,Myoxocephalus_quadricornis_DH_F12,DH,F12,S1,S1
Myoxocephalus quadricornis,Myoxocephalus_quadricornis_DH_F13,DH,F13,S1,S1
Myoxocephalus quadricornis,Myoxocephalus_quadricornis_DH_F14,DH,F14,S1,S1
Myoxocephalus quadricornis,Myoxocephalus_quadricornis_DH_F15,DH,F15,S1,S1
Myoxocephalus quadricornis,Myoxocephalus_quadricornis_DH_F17,DH,F17,S1,S1
Myoxocephalus quadricornis,Myoxocephalus_quadricornis_DH_F19,DH,F19,S1,S1
Myoxocephalus quadricornis,Myoxocephalus_quadricornis_DH_F25,DH,F25,S1,S1
Myoxocephalus quadricornis,Myoxocephalus_quadricornis_DH_F27,DH,F27,S1,S1
Myoxocephalus quadricornis,Myoxocephalus_quadricornis_DH_F28,DH,F28,S1,S1
Myoxocephalus quadricornis,Myoxocephalus_quadricornis_GA_FW6,GA,FW6,S1,S1
Myoxocephalus quadricornis,Myoxocephalus_quadricornis_PB_F30,PB,F30,S1,S1
Myoxocephalus quadricornis,Myoxocephalus_quadricornis_PB_F32,PB,F32,S1,S1
Myoxocephalus quadricornis,Myoxocephalus_quadricornis_PB_F36,PB,F36,S1,S1
Myoxocephalus quadricornis,Myoxocephalus_quadricornis_SP_F38,SP,F38,S1,S1
Myoxocephalus quadricornis,Myoxocephalus_quadricornis_SP_F43,SP,F43,S1,S1
Myoxocephalus quadricornis,Myoxocephalus_quadricornis_SP_F44,SP,F44,S1,S1
Myoxocephalus quadricornis,Myoxocephalus_quadricornis_TP_F1,TP,F1,S1,S1
Myoxocephalus quadricornis,Myoxocephalus_quadricornis_TP_F2,TP,F2,S1,S1
Myoxocephalus quadricornis,Myoxocephalus_quadricornis_TP_F3,TP,F3,S1,S1
Myoxocephalus quadricornis,Myoxocephalus_quadricornis_TP_F6,TP,F6,S1,S1
Myoxocephalus quadricornis,Myoxocephalus_quadricornis_TP_F7,TP,F7,S1,S1
Myoxocephalus thompsonii,Myoxocephalus_thompsonii_AL_TS59,AL,TS59,S1,S1
Myoxocephalus thompsonii,Myoxocephalus_thompsonii_AT_TS39,AT,TS39,S1,S1
Myoxocephalus thompsonii,Myoxocephalus_thompsonii_AT_TS40,AT,TS40,S1,S1
Myoxocephalus thompsonii,Myoxocephalus_thompsonii_AT_TS46,AT,TS46,S1,S1
Myoxocephalus thompsonii,Myoxocephalus_thompsonii_BU_TS87,BU,TS87,S1,S1
Myoxocephalus thompsonii,Myoxocephalus_thompsonii_BU_TS96,BU,TS96,S1,S1
Myoxocephalus thompsonii,Myoxocephalus_thompsonii_BU_TS97,BU,TS97,S1,S1
Myoxocephalus thompsonii,Myoxocephalus_thompsonii_CW_TS15,CW,TS15,S1,S1
Myoxocephalus thompsonii,Myoxocephalus_thompsonii_CW_TS16,CW,TS16,S1,S1
Myoxocephalus thompsonii,Myoxocephalus_thompsonii_CW_TS17,CW,TS17,S1,S1
Myoxocephalus thompsonii,Myoxocephalus_thompsonii_EA_TS70,EA,TS70,S1,S1
Myoxocephalus thompsonii,Myoxocephalus_thompsonii_EA_TS74,EA,TS74,S1,S1
Myoxocephalus thompsonii,Myoxocephalus_thompsonii_EL_TS11,EL,TS11,S1,S1
Myoxocephalus thompsonii,Myoxocephalus_thompsonii_EL_TS12,EL,TS12,S1,S1
Myoxocephalus thompsonii,Myoxocephalus_thompsonii_EL_TS9,EL,TS9,S1,S1
Myoxocephalus thompsonii,Myoxocephalus_thompsonii_FB_TS100,FB,TS100,S1,S1
Myoxocephalus thompsonii,Myoxocephalus_thompsonii_FB_TS101,FB,TS101,S1,S1
Myoxocephalus thompsonii,Myoxocephalus_thompsonii_FB_TS102,FB,TS102,S1,S1
Myoxocephalus thompsonii,Myoxocephalus_thompsonii_GE_TS6,GE,TS6,S1,S1
Myoxocephalus thompsonii,Myoxocephalus_thompsonii_GS_TS64,GS,TS64,S1,S1
Myoxocephalus thompsonii,Myoxocephalus_thompsonii_GS_TS68,GS,TS68,S1,S1
Myoxocephalus thompsonii,Myoxocephalus_thompsonii_GS_TS69,GS,TS69,S1,S1
Myoxocephalus thompsonii,Myoxocephalus_thompsonii_HU_58,HU,58,S1,S3
Myoxocephalus thompsonii,Myoxocephalus_thompsonii_HU_59,HU,59,S1,S3
Myoxocephalus thompsonii,Myoxocephalus_thompsonii_HU_KX145767,HU,NA,S1,S1
Myoxocephalus thompsonii,Myoxocephalus_thompsonii_HU_KX145806,HU,NA,S1,S1
Myoxocephalus thompsonii,Myoxocephalus_thompsonii_HU_KX145851,HU,NA,S1,S1
Myoxocephalus thompsonii,Myoxocephalus_thompsonii_NI_TS131,NI,TS131,S1,S1
Myoxocephalus thompsonii,Myoxocephalus_thompsonii_NI_TS132,NI,TS132,S1,S1
Myoxocephalus thompsonii,Myoxocephalus_thompsonii_RD_TS49,RD,TS49,S1,S1
Myoxocephalus thompsonii,Myoxocephalus_thompsonii_RD_TS50,RD,TS50,S1,S1
Myoxocephalus thompsonii,Myoxocephalus_thompsonii_RD_TS51,RD,TS51,S1,S1
Myoxocephalus thompsonii,Myoxocephalus_thompsonii_RO_TS104,RO,TS104,S1,S1
Myoxocephalus thompsonii,Myoxocephalus_thompsonii_RO_TS108,RO,TS108,S1,S1
Myoxocephalus thompsonii,Myoxocephalus_thompsonii_RO_TS109,RO,TS109,S1,S1
Myoxocephalus thompsonii,Myoxocephalus_thompsonii_SC_TS30,SC,TS30,S1,S1
Myoxocephalus thompsonii,Myoxocephalus_thompsonii_SC_TS31,SC,TS31,S1,S1
Myoxocephalus thompsonii,Myoxocephalus_thompsonii_SC_TS38,SC,TS38,S1,S1
Myoxocephalus thompsonii,Myoxocephalus_thompsonii_SG_TS133,SG,TS133,S1,S1
Myoxocephalus thompsonii,Myoxocephalus_thompsonii_SG_TS134,SG,TS134,S1,S1
Myoxocephalus thompsonii,Myoxocephalus_thompsonii_SG_TS50,SG,TS50,S1,S1
Myoxocephalus thompsonii,Myoxocephalus_thompsonii_TE_TS14,TE,TS14,S1,S1
Myoxocephalus thompsonii,Myoxocephalus_thompsonii_TO_TS114,TO,TS114,S1,S1
Myoxocephalus thompsonii,Myoxocephalus_thompsonii_TO_TS115,TO,TS115,S1,S1
Myoxocephalus thompsonii,Myoxocephalus_thompsonii_TO_TS116,TO,TS116,S1,S1
Myoxocephalus thompsonii,Myoxocephalus_thompsonii_UW_TS123,UW,TS123,S1,S1
Myoxocephalus thompsonii,Myoxocephalus_thompsonii_UW_TS124,UW,TS124,S1,S1
Myoxocephalus thompsonii,Myoxocephalus_thompsonii_UW_TS127,UW,TS127,S1,S1
Myoxocephalus thompsonii,Myoxocephalus_thompsonii_WH_TS3,WH,TS3,S1,S1
Myoxocephalus thompsonii,Myoxocephalus_thompsonii_WH_TS4,WH,TS4,S1,S1
Myoxocephalus thompsonii,Myoxocephalus_thompsonii_SU_KX146126,SU,NA,S2,S2
Myoxocephalus thompsonii,Myoxocephalus_thompsonii_HU_LF40,HU_LF3,LF40,S3,S3
Myoxocephalus thompsonii,Myoxocephalus_thompsonii_SU_42574,SU,42574,S3,S3
Myoxocephalus thompsonii,Myoxocephalus_thompsonii_SU_42574A,SU,42574A,S3,S3
Myoxocephalus thompsonii,Myoxocephalus_thompsonii_SU_42574C,SU,42574C,S3,S3
Myoxocephalus thompsonii,Myoxocephalus_thompsonii_SU_42574D,SU,42574D,S3,S3
Myoxocephalus thompsonii,Myoxocephalus_thompsonii_SU_42574E,SU,42574E,S3,S3
Myoxocephalus thompsonii,Myoxocephalus_thompsonii_SU_42575,SU,42575,S3,S3
Myoxocephalus thompsonii,Myoxocephalus_thompsonii_SU_KX145906,SU,NA,S3,S3