Distance,between,RET,1296.A,C18,and,ASN,151.A,O:,24.136
Distance,between,RET,1296.A,C12,and,LEU,112.A,O:,7.891
Distance,between,RET,1296.A,C19,and,ALA,169.A,N:,10.054
Distance,between,RET,1296.A,C15,and,MET,39.A,O:,12.895
Distance,between,RET,1296.A,C15,and,ALA,299.A,CB:,9.811
Distance,between,RET,1296.A,C3,and,PHE,220.A,CE2:,10.819
Distance,between,RET,1296.A,C15,and,LEU,50.A,CB:,15.763
Distance,between,RET,1296.A,C18,and,LEU,119.A,N:,6.642
Distance,between,RET,1296.A,C18,and,ALA,124.A,CB:,7.220
Distance,between,RET,1296.A,C18,and,PRO,71.A,O:,20.083
Distance,between,RET,1296.A,C3,and,VAL,218.A,N:,12.904
Distance,between,RET,1296.A,C2,and,LEU,266.A,N:,6.679
Distance,between,RET,1296.A,C15,and,ILE,286.A,O:,11.810
Distance,between,RET,1296.A,C16,and,VAL,210.A,C:,7.848
Distance,between,RET,1296.A,C15,and,LEU,40.A,CD2:,9.402
Distance,between,RET,1296.A,C19,and,THR,198.A,CG2:,14.044
Distance,between,RET,1296.A,C4,and,ILE,255.A,O:,15.098
Distance,between,RET,1296.A,C15,and,SER,38.A,O:,15.136
Distance,between,RET,1296.A,C15,and,GLU,33.A,O:,17.641
Distance,between,RET,1296.A,C3,and,ILE,217.A,N:,10.927
Distance,between,RET,1296.A,C4,and,LYS,248.A,O:,24.797
Distance,between,RET,1296.A,C18,and,ILE,307.A,N:,21.450
Distance,between,RET,1296.A,C3,and,VAL,137.A,N:,23.121
Distance,between,RET,1296.A,C4,and,ILE,259.A,O:,11.490
Distance,between,RET,1296.A,C18,and,VAL,162.A,O:,13.192
Distance,between,RET,1296.A,C18,and,GLY,149.A,O:,25.987
Distance,between,RET,1296.A,C4,and,CYS,264.A,C:,7.311
Distance,between,RET,1296.A,C17,and,TYR,274.A,N:,9.538
Distance,between,RET,1296.A,C12,and,THR,108.A,O:,12.214
Distance,between,RET,1296.A,C15,and,PHE,88.A,N:,12.609
Distance,between,RET,1296.A,C15,and,ILE,54.A,CD1:,18.265
Distance,between,RET,1296.A,C14,and,PHE,105.A,CD2:,14.846
Distance,between,RET,1296.A,C19,and,ALA,168.A,CA:,7.830
Distance,between,RET,1296.A,C15,and,HIS,100.A,N:,15.443
Distance,between,RET,1296.A,C15,and,LEU,99.A,N:,13.562
Distance,between,RET,1296.A,C4,and,ALA,260.A,O:,9.883
Distance,between,RET,1296.A,C3,and,GLN,225.A,N:,21.528
Distance,between,RET,1296.A,C17,and,THR,277.A,N:,12.316
Distance,between,RET,1296.A,C3,and,GLU,232.A,OE2:,21.437
Distance,between,RET,1296.A,C18,and,THR,160.A,O:,11.070
Distance,between,RET,1296.A,C4,and,ILE,256.A,O:,14.191
Distance,between,RET,1296.A,C4,and,THR,251.A,O:,19.732
Distance,between,RET,1296.A,C18,and,VAL,63.A,CG2:,25.166
Distance,between,RET,1296.A,C19,and,GLU,196.A,N:,18.012
Distance,between,RET,1296.A,C16,and,VAL,209.A,N:,7.134
Distance,between,RET,1296.A,C15,and,VAL,300.A,N:,12.145
Distance,between,RET,1296.A,C15,and,ALA,41.A,N:,12.065
Distance,between,RET,1296.A,C15,and,LEU,46.A,C:,13.985
Distance,between,RET,1296.A,C4,and,MET,308.A,CG:,22.736
Distance,between,RET,1296.A,C18,and,VAL,157.A,O:,15.586
