"Site","Node_i","State_i","Nodeaa","Node_f","State_f","Sub"
173,"1","F","21","22","L","F173L"
220,"1","T","21","22","S","T220S"
290,"1","V","21","22","I","V290I"
165,"4","S","24","25","A","S165A"
197,"4","G","24","25","D","G197D"
209,"4","I","24","25","V","I209V"
141,"6","K","26","Oncorhynchus_mykiss","E","K141E"
155,"10","M","25","28","I","M155I"
149,"11","S","28","29","T","S149T"
116,"14","F","28","Oncorhynchus_nerka","C","F116C"
206,"14","Y","28","Oncorhynchus_nerka","H","Y206H"
281,"14","S","28","Oncorhynchus_nerka","T","S281T"
124,"15","A","24","30","G","A124G"
155,"15","M","24","30","I","M155I"
198,"15","I","24","30","V","I198V"
205,"15","I","24","30","V","I205V"
213,"15","M","24","30","S","M213S"
220,"15","S","24","30","T","S220T"
261,"15","F","24","30","Y","F261Y"
264,"15","C","24","30","S","C264S"
299,"15","S","24","30","A","S299A"
114,"17","G","30","Salmo_salar","A","G114A"
248,"17","R","30","Salmo_salar","K","R248K"
133,"18","I","23","31","V","I133V"
197,"18","G","23","31","E","G197E"
213,"18","M","23","31","L","M213L"
217,"18","F","23","31","I","F217I"
218,"18","I","23","31","V","I218V"
165,"19","S","31","Salvelinus_namaycush","A","S165A"
259,"19","V","31","Salvelinus_namaycush","I","V259I"
261,"19","F","31","Salvelinus_namaycush","Y","F261Y"
299,"19","S","31","Salvelinus_namaycush","A","S299A"
96,"21","Y","22","32","F","Y96F"
100,"21","H","22","32","N","H100N"
198,"21","I","22","32","F","I198F"
213,"21","M","22","32","L","M213L"
217,"21","F","22","32","I","F217I"
218,"21","I","22","32","V","I218V"
61,"22","V","32","Brachymystax_lenok","I","V61I"
62,"22","T","32","Brachymystax_lenok","C","T62C"
63,"22","I","32","Brachymystax_lenok","M","I63M"
64,"22","E","32","Brachymystax_lenok","N","E64N"
65,"22","H","32","Brachymystax_lenok","K","H65K"
66,"22","K","32","Brachymystax_lenok","Q","K66Q"
133,"22","I","32","Brachymystax_lenok","V","I133V"
158,"22","A","32","Brachymystax_lenok","G","A158G"
100,"24","H","21","33","N","H100N"
165,"24","S","21","33","A","S165A"
209,"24","I","21","33","V","I209V"
282,"24","E","21","33","D","E282D"
124,"27","A","21","34","G","A124G"
261,"27","F","21","34","Y","F261Y"
264,"27","C","21","34","S","C264S"
299,"27","S","21","34","A","S299A"
169,"28","V","34","35","M","V169M"
198,"28","I","34","35","Y","I198Y"
213,"28","M","34","35","L","M213L"
220,"28","T","34","35","S","T220S"
255,"28","I","34","35","V","I255V"
277,"28","C","34","35","S","C277S"
286,"28","V","34","35","I","V286I"
290,"28","V","34","35","I","V290I"
100,"31","H","36","37","N","H100N"
255,"31","V","36","37","I","V255I"
261,"33","Y","37","Coregonus_sp_3","F","Y261F"
145,"35","N","34","38","S","N145S"
213,"36","M","38","Prosopium_cylindraceum","S","M213S"
209,"37","I","38","Prosopium_coulterii","V","I209V"
286,"37","V","38","Prosopium_coulterii","I","V286I"
