"Site","Node_i","State_i","Node_f","State_f","Sub"
99,"50","M","51","A","M99A"
166,"50","S","51","A","S166A"
209,"50","I","51","T","I209T"
210,"50","V","51","C","V210C"
214,"50","V","51","I","V214I"
248,"50","K","51","R","K248R"
261,"50","Y","51","F","Y261F"
274,"50","W","51","F","W274F"
286,"50","I","51","V","I286V"
290,"50","L","51","I","L290I"
189,"51","V","52","I","V189I"
217,"52","V","53","C","V217C"
218,"52","V","53","I","V218I"
260,"52","G","53","S","G260S"
112,"54","L","55","V","L112V"
270,"54","S","55","G","S270G"
124,"55","A","56","G","A124G"
158,"61","A","Oligocottus_snyderi","G","A158G"
162,"61","V","Oligocottus_snyderi","L","V162L"
205,"61","I","Oligocottus_snyderi","L","I205L"
209,"61","T","Oligocottus_snyderi","S","T209S"
158,"60","A","Oligocottus_rubellio","G","A158G"
205,"60","I","Oligocottus_rubellio","L","I205L"
124,"59","G","Orthonopias_triacis","A","G124A"
218,"59","I","Orthonopias_triacis","V","I218V"
162,"58","V","62","I","V162I"
124,"62","G","Leiocottus_hirundo","A","G124A"
218,"62","I","Leiocottus_hirundo","V","I218V"
218,"55","I","65","V","I218V"
213,"67","L","Artedius_notospilotus","V","L213V"
124,"68","A","Clinocottus_acuticeps","G","A124G"
218,"68","V","Clinocottus_acuticeps","I","V218I"
165,"54","S","Chitonotus_pugetensis","M","S165M"
169,"54","V","Chitonotus_pugetensis","A","V169A"
205,"54","I","Chitonotus_pugetensis","L","I205L"
209,"54","T","Chitonotus_pugetensis","S","T209S"
214,"54","I","Chitonotus_pugetensis","T","I214T"
217,"54","C","Chitonotus_pugetensis","T","C217T"
256,"54","I","Chitonotus_pugetensis","L","I256L"
83,"53","D","Icelinus_filamentosus","N","D83N"
124,"53","A","Icelinus_filamentosus","G","A124G"
158,"53","A","Icelinus_filamentosus","G","A158G"
165,"53","S","Icelinus_filamentosus","L","S165L"
189,"53","I","Icelinus_filamentosus","V","I189V"
205,"53","I","Icelinus_filamentosus","L","I205L"
209,"53","T","Icelinus_filamentosus","S","T209S"
214,"53","I","Icelinus_filamentosus","T","I214T"
219,"53","I","Icelinus_filamentosus","V","I219V"
256,"53","I","Icelinus_filamentosus","L","I256L"
274,"53","F","Icelinus_filamentosus","Y","F274Y"
112,"52","L","69","V","L112V"
274,"52","F","69","Y","F274Y"
299,"52","A","69","S","A299S"
158,"72","A","73","G","A158G"
162,"71","V","74","F","V162F"
173,"71","V","74","F","V173F"
248,"71","R","74","K","R248K"
274,"71","Y","74","F","Y274F"
124,"74","A","75","S","A124S"
261,"74","F","75","Y","F261Y"
261,"78","Y","Myoxocephalus_thompsonii_3","F","Y261F"
112,"74","V","Myoxocephalus_octodecemspinosus","L","V112L"
133,"74","I","Myoxocephalus_octodecemspinosus","V","I133V"
137,"74","I","Myoxocephalus_octodecemspinosus","V","I137V"
189,"74","I","Myoxocephalus_octodecemspinosus","V","I189V"
214,"74","I","Myoxocephalus_octodecemspinosus","F","I214F"
217,"74","V","Myoxocephalus_octodecemspinosus","S","V217S"
133,"70","I","79","V","I133V"
209,"70","T","79","V","T209V"
217,"70","V","79","F","V217F"
260,"70","G","79","S","G260S"
189,"79","I","Enophrys_bison","V","I189V"
213,"79","L","Enophrys_bison","V","L213V"
151,"79","D","Taurulus_bubalis","E","D151E"
158,"79","A","Taurulus_bubalis","G","A158G"
160,"79","S","Taurulus_bubalis","N","S160N"
190,"79","D","Taurulus_bubalis","N","D190N"
195,"79","A","Taurulus_bubalis","S","A195S"
203,"79","F","Taurulus_bubalis","L","F203L"
205,"79","I","Taurulus_bubalis","M","I205M"
206,"79","Y","Taurulus_bubalis","K","Y206K"
208,"79","F","Taurulus_bubalis","L","F208L"
209,"79","V","Taurulus_bubalis","I","V209I"
226,"79","L","Taurulus_bubalis","M","L226M"
290,"79","I","Taurulus_bubalis","L","I290L"
298,"79","S","Taurulus_bubalis","A","S298A"
158,"69","A","Enophrys_lucasi","G","A158G"
83,"51","D","80","N","D83N"
158,"80","A","Cottunculus_thomsonii","S","A158S"
165,"80","S","Cottunculus_thomsonii","L","S165L"
168,"80","A","Cottunculus_thomsonii","S","A168S"
178,"80","Y","Cottunculus_thomsonii","H","Y178H"
181,"80","E","Cottunculus_thomsonii","D","E181D"
188,"80","G","Cottunculus_thomsonii","R","G188R"
203,"80","F","Cottunculus_thomsonii","Y","F203Y"
213,"80","L","Cottunculus_thomsonii","S","L213S"
217,"80","V","Cottunculus_thomsonii","T","V217T"
277,"80","C","Cottunculus_thomsonii","M","C277M"
278,"80","N","Cottunculus_thomsonii","Y","N278Y"
292,"80","A","Cottunculus_thomsonii","S","A292S"
133,"80","I","Triglops_nybelini","V","I133V"
137,"80","I","Triglops_nybelini","V","I137V"
214,"80","I","Triglops_nybelini","T","I214T"
217,"80","V","Triglops_nybelini","I","V217I"
300,"80","I","Triglops_nybelini","V","I300V"
124,"81","A","82","G","A124G"
217,"81","V","82","T","V217T"
256,"81","I","82","M","I256M"
166,"82","S","83","T","S166T"
214,"82","V","83","I","V214I"
124,"84","G","85","A","G124A"
165,"84","S","85","L","S165L"
217,"84","T","85","S","T217S"
256,"84","M","85","I","M256I"
261,"84","Y","85","F","Y261F"
282,"87","E","88","D","E282D"
292,"87","A","88","S","A292S"
297,"87","S","88","R","S297R"
298,"87","S","88","P","S298P"
166,"88","T","89","A","T166A"
83,"89","D","90","N","D83N"
82,"90","A","Cottinella_boulengeri","G","A82G"
145,"90","N","Cottinella_boulengeri","K","N145K"
164,"90","A","Cottinella_boulengeri","G","A164G"
184,"90","Q","Cottinella_boulengeri","K","Q184K"
114,"90","G","Abyssocottus_korotneffi","A","G114A"
160,"90","S","Abyssocottus_korotneffi","T","S160T"
234,"90","A","Abyssocottus_korotneffi","P","A234P"
297,"90","R","Abyssocottus_korotneffi","S","R297S"
298,"90","P","Abyssocottus_korotneffi","A","P298A"
139,"91","V","Limnocottus_pallidus","G","V139G"
140,"91","C","Limnocottus_pallidus","L","C140L"
144,"91","S","Limnocottus_pallidus","R","S144R"
166,"91","A","Limnocottus_pallidus","S","A166S"
173,"91","V","Limnocottus_pallidus","A","V173A"
176,"91","S","Limnocottus_pallidus","L","S176L"
183,"91","M","Limnocottus_pallidus","I","M183I"
185,"91","C","Limnocottus_pallidus","G","C185G"
209,"91","I","Limnocottus_pallidus","T","I209T"
103,"91","F","Limnocottus_bergianus","S","F103S"
111,"91","N","Limnocottus_bergianus","I","N111I"
246,"91","A","Limnocottus_bergianus","P","A246P"
251,"91","S","Limnocottus_bergianus","T","S251T"
260,"91","G","Limnocottus_bergianus","A","G260A"
265,"91","W","Limnocottus_bergianus","C","W265C"
268,"91","Y","Limnocottus_bergianus","N","Y268N"
297,"91","R","Limnocottus_bergianus","S","R297S"
298,"91","P","Limnocottus_bergianus","A","P298A"
152,"88","H","Batrachocottus_multiradiatus","N","H152N"
213,"88","L","Batrachocottus_multiradiatus","P","L213P"
257,"88","M","Batrachocottus_multiradiatus","L","M257L"
217,"87","S","92","I","S217I"
63,"92","L","Cottocomephorus_inermis","I","L63I"
83,"92","D","Cottocomephorus_inermis","N","D83N"
119,"92","L","Cottocomephorus_inermis","M","L119M"
160,"92","S","Cottocomephorus_inermis","T","S160T"
166,"92","T","Cottocomephorus_inermis","S","T166S"
214,"92","I","Cottocomephorus_inermis","T","I214T"
218,"92","V","Cottocomephorus_inermis","I","V218I"
220,"92","F","Cottocomephorus_inermis","S","F220S"
248,"92","K","Cottocomephorus_inermis","R","K248R"
256,"92","I","Cottocomephorus_inermis","M","I256M"
260,"92","G","Cottocomephorus_inermis","S","G260S"
263,"92","V","Cottocomephorus_inermis","M","V263M"
274,"92","W","Cottocomephorus_inermis","Y","W274Y"
158,"92","A","Leocottus_kesslerii","G","A158G"
165,"92","L","Leocottus_kesslerii","A","L165A"
261,"92","F","Leocottus_kesslerii","Y","F261Y"
64,"93","E","Procottus_major","D","E64D"
83,"93","D","Procottus_major","N","D83N"
119,"93","L","Procottus_major","M","L119M"
214,"93","I","Procottus_major","T","I214T"
218,"93","V","Procottus_major","I","V218I"
158,"93","A","Paracottus_knerii","G","A158G"
165,"93","L","Paracottus_knerii","S","L165S"
217,"93","S","Paracottus_knerii","I","S217I"
261,"93","F","Paracottus_knerii","Y","F261Y"
166,"85","T","Comephorus_dybowskii","S","T166S"
168,"85","A","Comephorus_dybowskii","S","A168S"
182,"85","G","Comephorus_dybowskii","A","G182A"
200,"85","N","Comephorus_dybowskii","T","N200T"
205,"85","I","Comephorus_dybowskii","L","I205L"
209,"85","I","Comephorus_dybowskii","T","I209T"
246,"85","A","Comephorus_dybowskii","S","A246S"
256,"85","I","Comephorus_dybowskii","L","I256L"
271,"85","V","Comephorus_dybowskii","T","V271T"
286,"85","I","Comephorus_dybowskii","V","I286V"
290,"85","L","Comephorus_dybowskii","I","L290I"
218,"84","V","Cottus_confusus","I","V218I"
220,"84","F","Cottus_confusus","L","F220L"
263,"84","V","Cottus_confusus","A","V263A"
294,"84","F","Cottus_confusus","L","F294L"
88,"94","L","95","F","L88F"
162,"94","V","95","I","V162I"
166,"94","T","95","S","T166S"
213,"94","L","95","S","L213S"
259,"94","I","95","V","I259V"
260,"94","G","95","S","G260S"
274,"94","W","95","Y","W274Y"
300,"94","I","95","V","I300V"
218,"94","V","Cottus_cognatus","I","V218I"
220,"94","F","Cottus_cognatus","L","F220L"
263,"94","V","Cottus_cognatus","A","V263A"
256,"82","M","Cottus_ricei","L","M256L"
260,"82","G","Cottus_ricei","S","G260S"
270,"82","S","Cottus_ricei","G","S270G"
287,"82","F","Cottus_ricei","L","F287L"
63,"96","L","Cottus_asper","I","L63I"
83,"96","D","Cottus_asper","N","D83N"
124,"96","A","Cottus_asper","G","A124G"
149,"96","T","Cottus_asper","N","T149N"
151,"96","D","Cottus_asper","N","D151N"
160,"96","S","Cottus_asper","T","S160T"
165,"96","S","Cottus_asper","M","S165M"
169,"96","V","Cottus_asper","G","V169G"
213,"96","L","Cottus_asper","T","L213T"
214,"96","V","Cottus_asper","I","V214I"
217,"96","V","Cottus_asper","T","V217T"
220,"96","F","Cottus_asper","L","F220L"
256,"96","I","Cottus_asper","M","I256M"
260,"96","G","Cottus_asper","S","G260S"
270,"96","S","Cottus_asper","G","S270G"
274,"96","W","Cottus_asper","Y","W274Y"
286,"96","I","Cottus_asper","V","I286V"
165,"96","S","Cottus_aleuticus","A","S165A"
166,"96","S","Cottus_aleuticus","T","S166T"
287,"96","F","Cottus_aleuticus","L","F287L"
158,"50","A","Leptocottus_armatus","G","A158G"
