Distance,between,PHE,261.A,O,and,LEU,266.A,N:,4.594
Distance,between,PHE,261.A,N,and,THR,251.A,O:,12.367
Distance,between,PHE,261.A,CB,and,VAL,137.A,N:,19.327
Distance,between,PHE,261.A,N,and,ILE,307.A,N:,14.311
Distance,between,PHE,261.A,CZ,and,GLU,196.A,N:,27.119
Distance,between,PHE,261.A,O,and,MET,39.A,O:,21.037
Distance,between,PHE,261.A,O,and,LEU,99.A,N:,25.430
Distance,between,PHE,261.A,CE2,and,ILE,217.A,N:,10.218
Distance,between,PHE,261.A,CE1,and,LEU,119.A,O:,8.589
Distance,between,PHE,261.A,O,and,LEU,40.A,CD2:,18.761
Distance,between,PHE,261.A,N,and,ILE,259.A,C:,3.202
Distance,between,PHE,261.A,CE2,and,TYR,274.A,N:,15.849
Distance,between,PHE,261.A,CB,and,GLN,225.A,N:,17.910
Distance,between,PHE,261.A,CD1,and,GLY,149.A,O:,22.578
Distance,between,PHE,261.A,N,and,MET,308.A,CG:,14.352
Distance,between,PHE,261.A,CZ,and,VAL,210.A,O:,10.653
Distance,between,PHE,261.A,CZ,and,VAL,162.A,C:,14.474
Distance,between,PHE,261.A,O,and,SER,38.A,O:,24.196
Distance,between,PHE,261.A,N,and,LYS,248.A,O:,17.020
Distance,between,PHE,261.A,N,and,ILE,54.A,CG2:,15.171
Distance,between,PHE,261.A,N,and,GLU,232.A,OE2:,13.731
Distance,between,PHE,261.A,CZ,and,ALA,168.A,CB:,12.645
Distance,between,PHE,261.A,N,and,ILE,256.A,O:,4.989
Distance,between,PHE,261.A,O,and,ILE,286.A,O:,17.563
Distance,between,PHE,261.A,CD1,and,ALA,299.A,N:,9.133
Distance,between,PHE,261.A,CE1,and,ASN,151.A,O:,21.827
Distance,between,PHE,261.A,CE2,and,VAL,218.A,N:,11.860
Distance,between,PHE,261.A,N,and,ALA,260.A,C:,1.327
Distance,between,PHE,261.A,N,and,LEU,46.A,O:,19.066
Distance,between,PHE,261.A,O,and,ALA,41.A,N:,22.014
Distance,between,PHE,261.A,CE1,and,ALA,124.A,CB:,3.999
Distance,between,PHE,261.A,O,and,HIS,100.A,N:,27.724
Distance,between,PHE,261.A,CD1,and,VAL,63.A,N:,22.710
Distance,between,PHE,261.A,CE1,and,VAL,157.A,O:,14.415
Distance,between,PHE,261.A,CZ,and,THR,198.A,O:,23.066
Distance,between,PHE,261.A,CE1,and,THR,108.A,O:,22.380
Distance,between,PHE,261.A,N,and,ILE,255.A,O:,7.005
Distance,between,PHE,261.A,CD1,and,PRO,71.A,O:,15.862
Distance,between,PHE,261.A,N,and,VAL,300.A,C:,10.154
Distance,between,PHE,261.A,O,and,GLU,33.A,O:,27.265
Distance,between,PHE,261.A,CZ,and,ALA,169.A,N:,15.425
Distance,between,PHE,261.A,CE1,and,PHE,105.A,CD2:,25.916
Distance,between,PHE,261.A,O,and,CYS,264.A,N:,3.093
Distance,between,PHE,261.A,CE1,and,THR,160.A,CB:,10.887
Distance,between,PHE,261.A,N,and,LEU,50.A,CD1:,16.706
Distance,between,PHE,261.A,CE2,and,THR,277.A,CG2:,18.740
Distance,between,PHE,261.A,CD2,and,PHE,220.A,CE2:,8.326
Distance,between,PHE,261.A,CE1,and,PHE,88.A,N:,17.815
Distance,between,PHE,261.A,CE1,and,LEU,112.A,O:,16.561
Distance,between,PHE,261.A,CE2,and,VAL,209.A,O:,11.748
